Tweet Id,Text,Name,Screen Name,UTC,Created At,Favorites,Retweets,Language,Client,Tweet Type,URLs,Hashtags,Mentions,Media Type,Media URLs
1374822570940370957,"WE ARE HIRING
Job ID: 30322
Position: IT - Technology Lead | Development Methodology | Scrum
Location: Chicago, IL
Visit us: https://t.co/SlulCtBxhX
#chicagojobs #illinoisjobs #developmentjobs #scrumjobs
#hireitpeoplejobs #itjobs #h1btransfer #h1bjobs #e3visasponsor #tnvisajobs https://t.co/hPF2JQKlbK",HireITpeople.Com,hireitpeople,2021-03-24T20:36:58.000Z,Wed Mar 24 20:36:58 +0000 2021,0,0,en,"<a href=""https://mobile.twitter.com"" rel=""nofollow"">Twitter Web App</a>",Tweet,https://hireitpeople.co ,10,0,photo,https://pbs.twimg.com/media/ExRZzWaU4AAiuaY.jpg
1374821187369500676,"WE ARE HIRING
Job ID: 30321
Position: Java Developer
Location: Dallas, TX
Visit us: https://t.co/tlzJ4GEhcj
#dallasjobs #texasjobs #javajobs  
#hireitpeoplejobs #itjobs #h1btransfer #h1bjobs #e3visasponsor #tnvisajobs #e3visajobs #h1bvisajobs https://t.co/xoP9x3ix3F",HireITpeople.Com,hireitpeople,2021-03-24T20:31:28.000Z,Wed Mar 24 20:31:28 +0000 2021,0,0,en,"<a href=""https://mobile.twitter.com"" rel=""nofollow"">Twitter Web App</a>",Tweet,https://hireitpeople.com ,11,0,photo,https://pbs.twimg.com/media/ExRYkOrUcAI3jre.jpg
1374820564200734723,"WE ARE HIRING
Job ID: 30320
Position: IT - Lead Consultant | SAP Functional | SAP Finance
Location: Woonsocket, RI
Visit us: https://t.co/tlzJ4GEhcj
#sapjobs #woonsocketjobs 
#hireitpeoplejobs #itjobs #h1btransfer #h1bjobs #e3visasponsor #tnvisajobs #e3visajobs #h1bvisajobs https://t.co/y6BHBQKtUT",HireITpeople.Com,hireitpeople,2021-03-24T20:29:00.000Z,Wed Mar 24 20:29:00 +0000 2021,0,0,en,"<a href=""https://mobile.twitter.com"" rel=""nofollow"">Twitter Web App</a>",Tweet,https://hireitpeople.com ,10,0,photo,https://pbs.twimg.com/media/ExRYABYUYAIJHAZ.jpg
1374819679240396801,"WE ARE HIRING
Job ID: 30319
Position: Oracle Golden Gate DBA
Location: Washington, DC
Visit us: https://t.co/tlzJ4GEhcj
#washingtonjobs #oraclejobs  
#hireitpeoplejobs #itjobs #h1btransfer #h1bjobs #e3visasponsor #tnvisajobs #e3visajobs #h1bvisajobs https://t.co/pdaF0QUk5X",HireITpeople.Com,hireitpeople,2021-03-24T20:25:29.000Z,Wed Mar 24 20:25:29 +0000 2021,0,0,en,"<a href=""https://mobile.twitter.com"" rel=""nofollow"">Twitter Web App</a>",Tweet,https://hireitpeople.com ,10,0,photo,https://pbs.twimg.com/media/ExRXMHuUYAQ4FCt.jpg
1374819414214909957,"WE ARE HIRING
Job ID: 30318
Position: IT - Technology Lead | Telecom | Wireless IN &amp; Services
Location: Richardson, TX
Visit us: https://t.co/tlzJ4GEhcj
#richardsonjobs #texasjobs #telecomjobs   
#hireitpeoplejobs #itjobs #h1btransfer #h1bjobs #e3visasponsor #tnvisajobs https://t.co/RZd6wox3Ix",HireITpeople.Com,hireitpeople,2021-03-24T20:24:25.000Z,Wed Mar 24 20:24:25 +0000 2021,0,0,en,"<a href=""https://mobile.twitter.com"" rel=""nofollow"">Twitter Web App</a>",Tweet,https://hireitpeople.com ,9,0,photo,https://pbs.twimg.com/media/ExRW8ZhVgAQz_bx.jpg
1374817847843561473,"WE ARE HIRING
Job ID: 30317
Position: IT - Principal Consultant | Supply Chain Management | Order-to-Cash
Location: Goleta, CA
Visit us: https://t.co/tlzJ4GmFNJ
#goletajobs #californiajobs  
#hireitpeoplejobs #itjobs #h1btransfer #h1bjobs #e3visasponsor #tnvisajobs #e3visajobs https://t.co/vhBDn5O0ab",HireITpeople.Com,hireitpeople,2021-03-24T20:18:12.000Z,Wed Mar 24 20:18:12 +0000 2021,0,0,en,"<a href=""https://mobile.twitter.com"" rel=""nofollow"">Twitter Web App</a>",Tweet,https://hireitpeople.com ,9,0,photo,https://pbs.twimg.com/media/ExRVhkgUYAMSUmY.jpg
1374817155561050114,"WE ARE HIRING
Job ID: 30316
Position: IT - Technology Analyst | Java | Java - ALL
Location: Plymouth, MI
Visit us: https://t.co/tlzJ4GmFNJ
#javajobs #analystjobs #plymouthjobs 
#hireitpeoplejobs #itjobs #h1btransfer #h1bjobs #e3visasponsor #tnvisajobs #e3visajobs #h1bvisajobs https://t.co/XjQzQCWMft",HireITpeople.Com,hireitpeople,2021-03-24T20:15:27.000Z,Wed Mar 24 20:15:27 +0000 2021,0,0,en,"<a href=""https://mobile.twitter.com"" rel=""nofollow"">Twitter Web App</a>",Tweet,https://hireitpeople.com ,11,0,photo,https://pbs.twimg.com/media/ExRU5aLU4AAMX-p.jpg
1374816697329192963,"WE ARE HIRING
Job ID: 30315
Position: IT - Technology Lead | Supply Chain Management | IBM Sterling OMS
Location: Illinois City, IL
Visit us: https://t.co/tlzJ4GmFNJ
#illinoisjobs #ibmjobs  
#hireitpeoplejobs #itjobs #h1btransfer #h1bjobs #e3visasponsor #tnvisajobs #e3visajobs https://t.co/sPruAdLood",HireITpeople.Com,hireitpeople,2021-03-24T20:13:38.000Z,Wed Mar 24 20:13:38 +0000 2021,0,0,en,"<a href=""https://mobile.twitter.com"" rel=""nofollow"">Twitter Web App</a>",Tweet,https://hireitpeople.com ,9,0,photo,https://pbs.twimg.com/media/ExRUesqU8AQWac2.jpg
1374815797332217857,"WE ARE HIRING
Job ID: 30314
Position: IT - Technology Analyst | BPMI - IBM | BPMI - IBM - ALL
Location: Tampa, FL
Visit us: https://t.co/tlzJ4GmFNJ
 #tampajobs #floridajobs #analystjobs 
#hireitpeoplejobs #itjobs #h1btransfer #h1bjobs #e3visasponsor #tnvisajobs #e3visajobs https://t.co/GBYrz6x1AI",HireITpeople.Com,hireitpeople,2021-03-24T20:10:03.000Z,Wed Mar 24 20:10:03 +0000 2021,0,0,en,"<a href=""https://mobile.twitter.com"" rel=""nofollow"">Twitter Web App</a>",Tweet,https://hireitpeople.com ,10,0,photo,https://pbs.twimg.com/media/ExRTpHqUYAMAyp6.jpg
1374814683320881154,"WE ARE HIRING
Job ID: 30313
Position: IT - Lead Consultant | SAP Functional | SAP SCM Transportation Mgmt
Location: Atlanta, GA
Visit us: https://t.co/tlzJ4GmFNJ
#atlantajobs #georgiajobs #sapjobs 
#hireitpeoplejobs #itjobs #h1btransfer #h1bjobs #e3visasponsor #tnvisajobs https://t.co/t8swYYCCDP",HireITpeople.Com,hireitpeople,2021-03-24T20:05:37.000Z,Wed Mar 24 20:05:37 +0000 2021,0,0,en,"<a href=""https://mobile.twitter.com"" rel=""nofollow"">Twitter Web App</a>",Tweet,https://hireitpeople.com ,9,0,photo,https://pbs.twimg.com/media/ExRSo66VEAIdMee.jpg
1374813929390534656,"WE ARE HIRING
Job ID: 30312
Position: IT - Consultant - Infrastructure Management | SAP Technical | SAP Fiori
Location: Atlanta, GA
Visit us: https://t.co/tlzJ4GmFNJ
#atlantajobs #georgiajobs #sapjobs  
#hireitpeoplejobs #itjobs #h1btransfer #h1bjobs #e3visasponsor #tnvisajobs https://t.co/xSpjtOJXRC",HireITpeople.Com,hireitpeople,2021-03-24T20:02:38.000Z,Wed Mar 24 20:02:38 +0000 2021,0,0,en,"<a href=""https://mobile.twitter.com"" rel=""nofollow"">Twitter Web App</a>",Tweet,https://hireitpeople.com ,9,0,photo,https://pbs.twimg.com/media/ExRR9jAVgAEx-NU.jpg
1374813374941261824,"WE ARE HIRING
Job ID: 30311
Position: IT - Lead Consultant | Telecom | Business Process - Modelling &amp; Management Systems 
Location: Bellevue, WA
Visit us: https://t.co/tlzJ4GmFNJ
#bellevuejobs #washingtonjobs #telecomjobs  
#hireitpeoplejobs #itjobs #h1btransfer #h1bjobs https://t.co/pXHz0coUQA",HireITpeople.Com,hireitpeople,2021-03-24T20:00:26.000Z,Wed Mar 24 20:00:26 +0000 2021,0,0,en,"<a href=""https://mobile.twitter.com"" rel=""nofollow"">Twitter Web App</a>",Tweet,https://hireitpeople.com ,7,0,photo,https://pbs.twimg.com/media/ExRRddTU8AARsoA.jpg
1374812906785628160,"WE ARE HIRING
Job ID: 30310
Position: IT - Technology Architect | Manufacturing | Manufacturing Systems  
Location: Plymouth, MI
Visit us: https://t.co/tlzJ4GmFNJ
#plymouthjobs #architectjobs   
#hireitpeoplejobs #itjobs #h1btransfer #h1bjobs #e3visasponsor #tnvisajobs #e3visajob https://t.co/NkxGxubK2h",HireITpeople.Com,hireitpeople,2021-03-24T19:58:34.000Z,Wed Mar 24 19:58:34 +0000 2021,0,0,en,"<a href=""https://mobile.twitter.com"" rel=""nofollow"">Twitter Web App</a>",Tweet,https://hireitpeople.com ,9,0,photo,https://pbs.twimg.com/media/ExRRB0jVcAMBsBO.jpg
1374811530240290817,"WE ARE HIRING
Job ID: 30309
Position: IT - Technology Architect | Cloud Platform | Google Cloud - Architecture  
Location: Richardson, TX
Visit us: https://t.co/tlzJ4GmFNJ
#richardsonjobs #texasjobs #architectjobs   
#hireitpeoplejobs #itjobs #h1btransfer #h1bjobs #e3visasponsor https://t.co/YmsrY2iGvs",HireITpeople.Com,hireitpeople,2021-03-24T19:53:06.000Z,Wed Mar 24 19:53:06 +0000 2021,0,0,en,"<a href=""https://mobile.twitter.com"" rel=""nofollow"">Twitter Web App</a>",Tweet,https://hireitpeople.com ,8,0,photo,https://pbs.twimg.com/media/ExRPqBGUUAE1JWS.jpg
1374810612258066434,"WE ARE HIRING
Job ID: 30308
Position: Senior SQL Developer 
Visit us: https://t.co/yTlJ23VZvv
Follow us: https://t.co/mZQenoLnBT
Like us: https://t.co/55Ed2nAoCG
#sqljobs #developerjobs  
#hireitpeoplejobs #itjobs #h1btransfer #h1bjobs #e3visasponsor #tnvisajobs #e3visajobs https://t.co/FiVdrAgcVp",HireITpeople.Com,hireitpeople,2021-03-24T19:49:27.000Z,Wed Mar 24 19:49:27 +0000 2021,0,0,en,"<a href=""https://mobile.twitter.com"" rel=""nofollow"">Twitter Web App</a>",Tweet,https://hireitpeople.com/ https://lnkd.in/fWYuTWU https://lnkd.in/fMX8Wji ,9,0,photo,https://pbs.twimg.com/media/ExRO6fIVoAMA1jo.jpg
1374810345005481986,"WE ARE HIRING
Job ID: 30307
Position: IT - Lead Consultant | SAP Functional | SAP BW HANA + BOBJ + Hadoop 
Location: Redmond, WA
Visit us: https://t.co/tlzJ4GmFNJ
#redmondjobs #washingtonjobs #sapjobs 
#hireitpeoplejobs #itjobs #h1btransfer #h1bjobs #e3visasponsor #tnvisajobs https://t.co/Mq4tJEKRqN",HireITpeople.Com,hireitpeople,2021-03-24T19:48:23.000Z,Wed Mar 24 19:48:23 +0000 2021,0,0,en,"<a href=""https://mobile.twitter.com"" rel=""nofollow"">Twitter Web App</a>",Tweet,https://hireitpeople.com ,9,0,photo,https://pbs.twimg.com/media/ExROs6TUcAE5e6g.jpg
1374809000647159809,"WE ARE HIRING
Job ID: 30306
Position: Java Python Developer  
Location: Owings Mills, MD
Visit us: https://t.co/tlzJ4GmFNJ
#owingsjobs #pythonjobs 
#hireitpeoplejobs #itjobs #h1btransfer #h1bjobs #e3visasponsor #tnvisajobs #e3visajobs #h1bvisajobs https://t.co/u2hzvGPi7N",HireITpeople.Com,hireitpeople,2021-03-24T19:43:03.000Z,Wed Mar 24 19:43:03 +0000 2021,0,0,en,"<a href=""https://mobile.twitter.com"" rel=""nofollow"">Twitter Web App</a>",Tweet,https://hireitpeople.com ,10,0,photo,https://pbs.twimg.com/media/ExRNe2JUYAAzsOX.jpg
1374808123018407937,"WE ARE HIRING
Job ID: 30305
Position: IT - Principal Consultant | SAP Functional | S4 HANA - Finance  
Location: Boston, MA
Visit us: https://t.co/tlzJ4GmFNJ
#bostonjobs #sapjobs  
#hireitpeoplejobs #itjobs #h1btransfer #h1bjobs #e3visasponsor #tnvisajobs #e3visajobs #h1bvisajobs https://t.co/Swho0HFyNV",HireITpeople.Com,hireitpeople,2021-03-24T19:39:33.000Z,Wed Mar 24 19:39:33 +0000 2021,0,0,en,"<a href=""https://mobile.twitter.com"" rel=""nofollow"">Twitter Web App</a>",Tweet,https://hireitpeople.com ,10,0,photo,https://pbs.twimg.com/media/ExRMbW4UYAAJCXZ.jpg
1374469245627551750,"WE ARE HIRING
Job ID: 30302
Position: IT - Technology Architect | Project Management | Project Management
Location: San Francisco, CA
Visit us: https://t.co/tlzJ4GmFNJ
#sanfranciscojobs #californiajobs #projectmanagementjobs 
#hireitpeoplejobs #itjobs #h1btransfer #h1bjobs https://t.co/ero4IOnqs1",HireITpeople.Com,hireitpeople,2021-03-23T21:12:59.000Z,Tue Mar 23 21:12:59 +0000 2021,0,0,en,"<a href=""https://mobile.twitter.com"" rel=""nofollow"">Twitter Web App</a>",Tweet,https://hireitpeople.com ,7,0,photo,https://pbs.twimg.com/media/ExMYdSoU8AUi1_5.jpg
1374468525880791042,"WE ARE HIRING
Job ID: 30301
Position: IT - Senior Project Manager | Project Management | Project Management
Location: San Francisco, CA
Visit us: https://t.co/tlzJ4GmFNJ
#sanfranciscojobs #californiajobs #seniorprojectmanagerjobs  
#hireitpeoplejobs #itjobs #h1btransfer #h1bjobs https://t.co/UgFcgVftap",HireITpeople.Com,hireitpeople,2021-03-23T21:10:07.000Z,Tue Mar 23 21:10:07 +0000 2021,0,0,en,"<a href=""https://mobile.twitter.com"" rel=""nofollow"">Twitter Web App</a>",Tweet,https://hireitpeople.com ,7,0,photo,https://pbs.twimg.com/media/ExMXzk8VIAMkhyk.jpg
1374467696134291457,"WE ARE HIRING
Job ID: 30300
Position: IT - Technology Lead | Microsoft Technologies | .Net Application Development
Location: Orlando, FL
Visit us: https://t.co/tlzJ4GmFNJ
#orlandojobs #floridajobs #microsofttechnologiesjobs  
#hireitpeoplejobs #itjobs #h1btransfer #h1bjobs https://t.co/fyQsWVCPpO",HireITpeople.Com,hireitpeople,2021-03-23T21:06:49.000Z,Tue Mar 23 21:06:49 +0000 2021,0,0,en,"<a href=""https://mobile.twitter.com"" rel=""nofollow"">Twitter Web App</a>",Tweet,https://hireitpeople.com ,7,0,photo,https://pbs.twimg.com/media/ExMXDvLVgAMINaA.jpg
1374467529087750148,"WE ARE HIRING
Job ID: 30299
Position: Project Manager III
Location: Jacksonville, FL
Visit us: https://t.co/tlzJ4GmFNJ
#projectmanagerjobs #floridajobs 
#hireitpeoplejobs #itjobs #h1btransfer #h1bjobs #e3visasponsor #tnvisajobs #e3visajobs #h1bvisajobs https://t.co/eJFe6NzbHD",HireITpeople.Com,hireitpeople,2021-03-23T21:06:09.000Z,Tue Mar 23 21:06:09 +0000 2021,0,0,en,"<a href=""https://mobile.twitter.com"" rel=""nofollow"">Twitter Web App</a>",Tweet,https://hireitpeople.com ,10,0,photo,https://pbs.twimg.com/media/ExMW6wiVIAELgMW.jpg
1374465987899092997,"WE ARE HIRING
Job ID: 30298
Position: MS Dynamics 365 Finance &amp; Ops Test Lead
Location: Concord, NH
Visit us: https://t.co/tlzJ4GmFNJ
#concordjobs #northdakotajobs  
#hireitpeoplejobs #itjobs #h1btransfer #h1bjobs #e3visasponsor #tnvisajobs #e3visajobs #h1bvisajobs https://t.co/czGWr2rLIW",HireITpeople.Com,hireitpeople,2021-03-23T21:00:02.000Z,Tue Mar 23 21:00:02 +0000 2021,1,0,en,"<a href=""https://mobile.twitter.com"" rel=""nofollow"">Twitter Web App</a>",Tweet,https://hireitpeople.com ,10,0,photo,https://pbs.twimg.com/media/ExMVg3CVEAM5r9N.jpg
1374465332585275401,"WE ARE HIRING
Job ID: 30297
Position: IT - Senior Technology Architect | Analytics - Techniques | Panel Data Analysis
Location: Windsor, CT
Visit us: https://t.co/tlzJ4GmFNJ
#connecticutjobs #windsorjobs #architectjobs  
#hireitpeoplejobs #itjobs #h1btransfer #h1bjobs https://t.co/YgWk9nnNG7",HireITpeople.Com,hireitpeople,2021-03-23T20:57:26.000Z,Tue Mar 23 20:57:26 +0000 2021,0,0,en,"<a href=""https://mobile.twitter.com"" rel=""nofollow"">Twitter Web App</a>",Tweet,https://hireitpeople.com ,7,0,photo,https://pbs.twimg.com/media/ExMU41MUcAwiJUz.jpg
1374464669075738637,"WE ARE HIRING
Job ID: 30296
Position: IT - Senior Technology Architect | PLM | Architecture and Data Model Design
Location: Hillsboro, OR
Visit us: https://t.co/SlulCtjVTn
#hillsborojobs #oregonjobs   
#hireitpeoplejobs #itjobs #h1btransfer #h1bjobs #e3visasponsor #tnvisajobs https://t.co/VOBor6gICb",HireITpeople.Com,hireitpeople,2021-03-23T20:54:48.000Z,Tue Mar 23 20:54:48 +0000 2021,0,0,en,"<a href=""https://mobile.twitter.com"" rel=""nofollow"">Twitter Web App</a>",Tweet,https://hireitpeople.co ,8,0,photo,https://pbs.twimg.com/media/ExMUTfxVEAIt-FC.jpg
1374463556775604228,"WE ARE HIRING
Job ID: 30295
Position: IT - Technical Test Lead | Retail | Point of Sale Systems
Location: Northbrook, IL
Visit us: https://t.co/tlzJ4GmFNJ
#northbrookjobs #illinoisjobs   
#hireitpeoplejobs #itjobs #h1btransfer #h1bjobs #e3visasponsor #tnvisajobs #e3visajobs https://t.co/pzwvWl0g0j",HireITpeople.Com,hireitpeople,2021-03-23T20:50:22.000Z,Tue Mar 23 20:50:22 +0000 2021,0,0,en,"<a href=""https://mobile.twitter.com"" rel=""nofollow"">Twitter Web App</a>",Tweet,https://hireitpeople.com ,9,0,photo,https://pbs.twimg.com/media/ExMTS3yVEAUJtFJ.jpg
1374461939686940680,"WE ARE HIRING
Job ID: 30294
Position: IT - Program Manager | Program Management | Financial Management and Sourcing
Location: Nashville, TN
Visit us: https://t.co/tlzJ4GmFNJ
#nashvillejobs #tennesseejobs   
#hireitpeoplejobs #itjobs #h1btransfer #h1bjobs #e3visasponsor #tnvisajob https://t.co/VvNBMJkrTk",HireITpeople.Com,hireitpeople,2021-03-23T20:43:57.000Z,Tue Mar 23 20:43:57 +0000 2021,0,0,en,"<a href=""https://mobile.twitter.com"" rel=""nofollow"">Twitter Web App</a>",Tweet,https://hireitpeople.com ,8,0,photo,https://pbs.twimg.com/media/ExMRzu5UUAcOooA.jpg
1374461905796960263,"RT @hireitpeople : WE ARE HIRING
Job ID: 30293
Position: IT - Consultant | SAP Technical | SAP Security
Location: Provo, UT
Visit us: https://t.co/tlzJ4GmFNJ
#provojobs #utahjobs #sapjobs  
#hireitpeoplejobs #itjobs #h1btransfer #h1bjobs #e3visasponsor #tnvisajobs #e3visajobs #h1bvisajobs https://t.co/fdHAALHtwe",MYESSAYWRITER,MYEssayWriter1,2021-03-23T20:43:49.000Z,Tue Mar 23 20:43:49 +0000 2021,0,0,en,"<a href=""https://about.twitter.com/products/tweetdeck"" rel=""nofollow"">TweetDeck</a>",Retweet,https://hireitpeople.com ,11,0,photo,https://pbs.twimg.com/media/ExMRhJ3VoAQegkI.jpg
1374461600896221185,"WE ARE HIRING
Job ID: 30293
Position: IT - Consultant | SAP Technical | SAP Security
Location: Provo, UT
Visit us: https://t.co/tlzJ4GmFNJ
#provojobs #utahjobs #sapjobs  
#hireitpeoplejobs #itjobs #h1btransfer #h1bjobs #e3visasponsor #tnvisajobs #e3visajobs #h1bvisajobs https://t.co/fdHAALHtwe",HireITpeople.Com,hireitpeople,2021-03-23T20:42:36.000Z,Tue Mar 23 20:42:36 +0000 2021,0,1,en,"<a href=""https://mobile.twitter.com"" rel=""nofollow"">Twitter Web App</a>",Tweet,https://hireitpeople.com ,11,0,photo,https://pbs.twimg.com/media/ExMRhJ3VoAQegkI.jpg
1374459998797930496,"WE ARE HIRING
Job ID: 30292
Position: IT - Technology Lead | Database | MySQL
Location: Springfield, MA
Visit us: https://t.co/tlzJ4GmFNJ
#springfieldjobs #databasejobs  
#hireitpeoplejobs #itjobs #h1btransfer #h1bjobs #e3visasponsor #tnvisajobs #e3visajobs #h1bvisajobs https://t.co/5VZY1jnAPn",HireITpeople.Com,hireitpeople,2021-03-23T20:36:14.000Z,Tue Mar 23 20:36:14 +0000 2021,0,0,en,"<a href=""https://mobile.twitter.com"" rel=""nofollow"">Twitter Web App</a>",Tweet,https://hireitpeople.com ,10,0,photo,https://pbs.twimg.com/media/ExMQEJLUUAQiPNR.jpg
1374458155820740609,"WE ARE HIRING
Job ID: 30291
Position: IT - Senior Consultant | Oracle Cloud | Payroll Cloud
Location: Long Beach, CA
Visit us: https://t.co/tlzJ4GmFNJ
#longbeachjobs #californiajobs #oraclejobs  
#hireitpeoplejobs #itjobs #h1btransfer #h1bjobs #e3visasponsor #tnvisajobs https://t.co/4BlImAzxnH",HireITpeople.Com,hireitpeople,2021-03-23T20:28:55.000Z,Tue Mar 23 20:28:55 +0000 2021,0,0,en,"<a href=""https://mobile.twitter.com"" rel=""nofollow"">Twitter Web App</a>",Tweet,https://hireitpeople.com ,9,0,photo,https://pbs.twimg.com/media/ExMOY1BUYAQd87B.jpg
1374456278823538692,"WE ARE HIRING
Job ID: 30290
Position: IT - Consultant | SAP IBP | SAP HANA
Location: Hillsboro, OR
Visit us: https://t.co/tlzJ4GmFNJ
#hillsborojobs #oregonjobs #sapjobs  
#hireitpeoplejobs #itjobs #h1btransfer #h1bjobs #e3visasponsor #tnvisajobs #e3visajobs #h1bvisajobs https://t.co/suhyqMEzuF",HireITpeople.Com,hireitpeople,2021-03-23T20:21:27.000Z,Tue Mar 23 20:21:27 +0000 2021,0,0,en,"<a href=""https://mobile.twitter.com"" rel=""nofollow"">Twitter Web App</a>",Tweet,https://hireitpeople.com ,11,0,photo,https://pbs.twimg.com/media/ExMMoL0UcAIcND9.jpg
1374454421153669126,"WE ARE HIRING
Job ID: 30289
Position: IT - Technology Analyst | Java | J2EE
Location: Phoenix, AZ
Visit us: https://t.co/tlzJ4GmFNJ
#phoenixjobs #arizonajobs #javajobs  
#hireitpeoplejobs #itjobs #h1btransfer #h1bjobs #e3visasponsor #tnvisajobs #e3visajobs #h1bvisajobs https://t.co/y2M4uCeM9C",HireITpeople.Com,hireitpeople,2021-03-23T20:14:04.000Z,Tue Mar 23 20:14:04 +0000 2021,0,0,en,"<a href=""https://mobile.twitter.com"" rel=""nofollow"">Twitter Web App</a>",Tweet,https://hireitpeople.com ,11,0,photo,https://pbs.twimg.com/media/ExMK_axU8AcqOD6.jpg
1374453953413279753,"WE ARE HIRING
Job ID: 30288
Position: IT - Consultant | Salesforce | Salesforce Lightning
Location: Phoenix, AZ
Visit us: https://t.co/tlzJ4GmFNJ
#phoenixjobs #arizonajobs #salesforcejobs  
#hireitpeoplejobs #itjobs #h1btransfer #h1bjobs #e3visasponsor #tnvisajobs #e3visajobs https://t.co/raghcZc8lo",HireITpeople.Com,hireitpeople,2021-03-23T20:12:13.000Z,Tue Mar 23 20:12:13 +0000 2021,0,0,en,"<a href=""https://mobile.twitter.com"" rel=""nofollow"">Twitter Web App</a>",Tweet,https://hireitpeople.com ,10,0,photo,https://pbs.twimg.com/media/ExMKkNsVkAEQazC.jpg
1374453846164967432,"RT @hireitpeople : WE ARE HIRING
Job ID: 30287
Position: IT - Technology Lead | Development Methodology | Scrum
Location: Phoenix, AZ
Visit us: https://t.co/tlzJ4GmFNJ
#sunnyvalejobs #californiajobs  
#hireitpeoplejobs #itjobs #h1btransfer #h1bjobs #e3visasponsor #tnvisajobs #e3visajobs #h1bvisajob https://t.co/nqqdJdlmzf",MYESSAYWRITER,MYEssayWriter1,2021-03-23T20:11:47.000Z,Tue Mar 23 20:11:47 +0000 2021,0,0,en,"<a href=""https://about.twitter.com/products/tweetdeck"" rel=""nofollow"">TweetDeck</a>",Retweet,https://hireitpeople.com ,10,0,photo,https://pbs.twimg.com/media/ExMKUP0VoAIlyCV.jpg
1374453716967825408,"WE ARE HIRING
Job ID: 30287
Position: IT - Technology Lead | Development Methodology | Scrum
Location: Phoenix, AZ
Visit us: https://t.co/tlzJ4GmFNJ
#sunnyvalejobs #californiajobs  
#hireitpeoplejobs #itjobs #h1btransfer #h1bjobs #e3visasponsor #tnvisajobs #e3visajobs #h1bvisajob https://t.co/nqqdJdlmzf",HireITpeople.Com,hireitpeople,2021-03-23T20:11:16.000Z,Tue Mar 23 20:11:16 +0000 2021,1,1,en,"<a href=""https://mobile.twitter.com"" rel=""nofollow"">Twitter Web App</a>",Tweet,https://hireitpeople.com ,10,0,photo,https://pbs.twimg.com/media/ExMKUP0VoAIlyCV.jpg
1374445209266704386,"WE ARE HIRING
Job ID: 30286
Position: IT - Technical Test Lead | Mobile Testing | Mobile Automation Testing
Location: Sunnyvale, CA
Visit us: https://t.co/tlzJ4GmFNJ
#sunnyvalejobs #californiajobs  
#hireitpeoplejobs #itjobs #h1btransfer #h1bjobs #e3visasponsor #tnvisajobs https://t.co/MMIrg9qffO",HireITpeople.Com,hireitpeople,2021-03-23T19:37:28.000Z,Tue Mar 23 19:37:28 +0000 2021,0,0,en,"<a href=""https://mobile.twitter.com"" rel=""nofollow"">Twitter Web App</a>",Tweet,https://hireitpeople.com ,8,0,photo,https://pbs.twimg.com/media/ExMCm1XVcAAMVZ3.jpg
1374444622076735489,"WE ARE HIRING
Job ID: 30285
Position: IT - Technology Lead | Infrastructure-Storage-Administration | UNIX Storage 
Location: Salt Lake City, UT
Visit us: https://t.co/tlzJ4GmFNJ
#utahjobs #saltlakecityjobs  
#hireitpeoplejobs #itjobs #h1btransfer #h1bjobs #e3visasponsor https://t.co/HR6VwD64Ny",HireITpeople.Com,hireitpeople,2021-03-23T19:35:08.000Z,Tue Mar 23 19:35:08 +0000 2021,0,0,en,"<a href=""https://mobile.twitter.com"" rel=""nofollow"">Twitter Web App</a>",Tweet,https://hireitpeople.com ,7,0,photo,https://pbs.twimg.com/media/ExMCD-cU8AM6IZv.jpg
1374439469529493507,"WE ARE HIRING
Job ID: 30284
Position: IT - Consultant | SAP Functional | SAP SD  
Location: Parsippany, NJ
Visit us: https://t.co/tlzJ4GmFNJ
#parsippanyjobs #newjerseyjobs  
#hireitpeoplejobs #itjobs #h1btransfer #h1bjobs #e3visasponsor #tnvisajobs #e3visajobs #h1bvisajobs https://t.co/eDO267I2vY",HireITpeople.Com,hireitpeople,2021-03-23T19:14:40.000Z,Tue Mar 23 19:14:40 +0000 2021,0,0,en,"<a href=""https://mobile.twitter.com"" rel=""nofollow"">Twitter Web App</a>",Tweet,https://hireitpeople.com ,10,0,photo,https://pbs.twimg.com/media/ExL9Y9iVoAIPtAG.jpg
1374437268228743169,"WE ARE HIRING
Job ID: 30283
Position: IT - Technology Architect | Container Platform | Kubernetes  
Location: Cupertino, CA
Visit us: https://t.co/tlzJ4GmFNJ
#cupertinojobs #californiajobs #architectjobs  
#hireitpeoplejobs #itjobs #h1btransfer #h1bjobs #e3visasponsor #tnvisajobs https://t.co/hQyQmhENAF",HireITpeople.Com,hireitpeople,2021-03-23T19:05:55.000Z,Tue Mar 23 19:05:55 +0000 2021,0,0,en,"<a href=""https://mobile.twitter.com"" rel=""nofollow"">Twitter Web App</a>",Tweet,https://hireitpeople.com ,9,0,photo,https://pbs.twimg.com/media/ExL7YiYVgAg5LmV.jpg
1374436564898516997,"WE ARE HIRING
Job ID: 30282
Position: IT - Technology Lead | Infrastructure-DataCenter | Wintel 
Location: Salt Lake City, UT
Visit us: https://t.co/tlzJ4GmFNJ
#utahjobs #winteljobs  
#hireitpeoplejobs #itjobs #h1btransfer #h1bjobs #e3visasponsor #tnvisajobs #e3visajobs https://t.co/rHOGzP17mh",HireITpeople.Com,hireitpeople,2021-03-23T19:03:07.000Z,Tue Mar 23 19:03:07 +0000 2021,0,0,en,"<a href=""https://mobile.twitter.com"" rel=""nofollow"">Twitter Web App</a>",Tweet,https://hireitpeople.com ,9,0,photo,https://pbs.twimg.com/media/ExL6vuLVoAAh1Ok.jpg
1374435613164720135,"WE ARE HIRING
Job ID: 30281
Position: IT - Technology Lead | Embedded systems | Embedded Software 
Location: Columbus, IN
Visit us: https://t.co/tlzJ4GmFNJ
#columbusjobs #idahojobs  
#hireitpeoplejobs #itjobs #h1btransfer #h1bjobs #e3visasponsor #tnvisajobs #e3visajobs https://t.co/JpLB412dsk",HireITpeople.Com,hireitpeople,2021-03-23T18:59:20.000Z,Tue Mar 23 18:59:20 +0000 2021,1,0,en,"<a href=""https://mobile.twitter.com"" rel=""nofollow"">Twitter Web App</a>",Tweet,https://hireitpeople.com ,9,0,photo,https://pbs.twimg.com/media/ExL54m8UYAQBv7T.jpg
1374433641657294859,"WE ARE HIRING
Job ID: 30280
Position: Sr Automation &amp; Integration tester  
Location: Omaha, NE
Visit us: https://t.co/tlzJ4GmFNJ
#omahajobs #nebraskajobs 
#hireitpeoplejobs #itjobs #h1btransfer #h1bjobs #e3visasponsor #tnvisajobs #e3visajobs #h1bvisajobs https://t.co/44qrkHPwgm",HireITpeople.Com,hireitpeople,2021-03-23T18:51:30.000Z,Tue Mar 23 18:51:30 +0000 2021,0,0,en,"<a href=""https://mobile.twitter.com"" rel=""nofollow"">Twitter Web App</a>",Tweet,https://hireitpeople.com ,10,0,photo,https://pbs.twimg.com/media/ExL35ZWVcAcf0sF.jpg
1374432800556732420,"WE ARE HIRING
Job ID: 30279
Position: IT - Test Engineer | Container Platform | Kubernetes  
Location: Bellevue, WA
Visit us: https://t.co/tlzJ4GmFNJ
#bellevuejobs #washingtonjobs  
#hireitpeoplejobs #itjobs #h1btransfer #h1bjobs #e3visasponsor #tnvisajobs #e3visajobs #h1bvisajob https://t.co/UDuxIRGnoS",HireITpeople.Com,hireitpeople,2021-03-23T18:48:10.000Z,Tue Mar 23 18:48:10 +0000 2021,0,0,en,"<a href=""https://mobile.twitter.com"" rel=""nofollow"">Twitter Web App</a>",Tweet,https://hireitpeople.com ,10,0,photo,https://pbs.twimg.com/media/ExL3S3CVcAQuNLe.jpg
1374431671047495681,"WE ARE HIRING
Job ID: 30278
Position: IT - Lead Consultant | SAP Functional | SAP BW HANA + BOBJ + Hadoop  
Location: Redmond, WA
Visit us: https://t.co/tlzJ4GmFNJ
#redmondjobs  #washingtonjobs #sapjobs 
#hireitpeoplejobs #itjobs #h1btransfer #h1bjobs #e3visasponsor #tnvisajobs https://t.co/QbNhxrpUWA",HireITpeople.Com,hireitpeople,2021-03-23T18:43:40.000Z,Tue Mar 23 18:43:40 +0000 2021,0,0,en,"<a href=""https://mobile.twitter.com"" rel=""nofollow"">Twitter Web App</a>",Tweet,https://hireitpeople.com ,9,0,photo,https://pbs.twimg.com/media/ExL2SWRUYAk9sDb.jpg
1374073760177786881,"WE ARE HIRING
Job ID: 30276
Position: IT - Principal Consultant | Oracle Cloud | Sales and Operations Planning Cloud 
Location: Everett, WA
Visit us: https://t.co/tlzJ4GmFNJ
#everttjobs #washingtonjobs #oraclejobs 
#hireitpeoplejobs #itjobs #h1btransfer #h1bjobs #e3visasponsor https://t.co/KrOQPxoPHH",HireITpeople.Com,hireitpeople,2021-03-22T19:01:28.000Z,Mon Mar 22 19:01:28 +0000 2021,0,0,en,"<a href=""https://mobile.twitter.com"" rel=""nofollow"">Twitter Web App</a>",Tweet,https://hireitpeople.com ,8,0,photo,https://pbs.twimg.com/media/ExGwr3LVIAEp3Du.jpg
1374072870217818114,"WE ARE HIRING
Job ID: 30275
Position: IT - Principal Consultant | SAP Functional | SAP Ariba 
Location: Kansas City, MO
Visit us: https://t.co/tlzJ4GmFNJ
#kansasjobs #sapjobs #consultatjobs   
#hireitpeoplejobs #itjobs #h1btransfer #h1bjobs #e3visasponsor #tnvisajobs #e3visajobs https://t.co/FLWNJIsNzL",HireITpeople.Com,hireitpeople,2021-03-22T18:57:55.000Z,Mon Mar 22 18:57:55 +0000 2021,0,0,en,"<a href=""https://mobile.twitter.com"" rel=""nofollow"">Twitter Web App</a>",Tweet,https://hireitpeople.com ,10,0,photo,https://pbs.twimg.com/media/ExGv9ryUcAEv0RO.jpg
1374072236085108738,"WE ARE HIRING
Job ID: 30274
Position: IT - Lead Consultant | SAP Industry Solution | FICA 
Location: Redmond, WA
Visit us: https://t.co/tlzJ4GmFNJ
#redmondjobs #washingtonjobs #sapjobs  
#hireitpeoplejobs #itjobs #h1btransfer #h1bjobs #e3visasponsor #tnvisajobs #e3visajobs https://t.co/HMFqom7L8Y",HireITpeople.Com,hireitpeople,2021-03-22T18:55:24.000Z,Mon Mar 22 18:55:24 +0000 2021,0,0,en,"<a href=""https://mobile.twitter.com"" rel=""nofollow"">Twitter Web App</a>",Tweet,https://hireitpeople.com ,10,0,photo,https://pbs.twimg.com/media/ExGvYOtVgAAcaNL.jpg
1374071832203132928,"RT @hireitpeople : WE ARE HIRING
Job ID: 30269
Position: AS400 Cobol programmer
Location: Phoenix, AZ
Visit us: https://t.co/tlzJ4GmFNJ
#phoenixjobs #arizonajobs #programmerjobs  
#hireitpeoplejobs #itjobs #h1btransfer #h1bjobs #e3visasponsor #tnvisajobs #e3visajobs #h1bvisajobs https://t.co/jvYBiAAOVv",cobol_bot,BotCobol,2021-03-22T18:53:48.000Z,Mon Mar 22 18:53:48 +0000 2021,0,0,en,"<a href=""https://www.savecobol.com"" rel=""nofollow"">COBOL Retweeter</a>",Retweet,https://hireitpeople.com ,11,0,photo,https://pbs.twimg.com/media/ExGrV6qUYAARjNO.jpg
1374070917479886849,"WE ARE HIRING
Job ID: 30273
Position: IT - Consultant | SAP Technical | SAP Basis 
Location: Hillsboro, OR
Visit us: https://t.co/tlzJ4GmFNJ
#hillsborojobs #oregonjobs #sapjobs  
#hireitpeoplejobs #itjobs #h1btransfer #h1bjobs #e3visasponsor #tnvisajobs #e3visajobs #h1bvisajobs https://t.co/YL9DqzoCVO",HireITpeople.Com,hireitpeople,2021-03-22T18:50:10.000Z,Mon Mar 22 18:50:10 +0000 2021,0,0,en,"<a href=""https://mobile.twitter.com"" rel=""nofollow"">Twitter Web App</a>",Tweet,https://hireitpeople.com ,11,0,photo,https://pbs.twimg.com/media/ExGuM43UcAIyjb7.jpg
1374070213671411713,"WE ARE HIRING
Job ID: 30272
Position: IT - Technology Lead | Microservices | Microservices API Management
Location: Bellevue, WA
Visit us: https://t.co/tlzJ4GmFNJ
#bellevuejobs #washingtonjobs #microservicesjobs   
#hireitpeoplejobs #itjobs #h1btransfer #h1bjobs #e3visasponsor https://t.co/5RACzSCySG",HireITpeople.Com,hireitpeople,2021-03-22T18:47:22.000Z,Mon Mar 22 18:47:22 +0000 2021,0,0,en,"<a href=""https://mobile.twitter.com"" rel=""nofollow"">Twitter Web App</a>",Tweet,https://hireitpeople.com ,8,0,photo,https://pbs.twimg.com/media/ExGtiesUUAQPtIZ.jpg
1374069430875910145,"WE ARE HIRING
Job ID: 30271
Position: IT - Technology Architect | CRM | SFDC https://t.co/0faj2sg0N6
Location: Minnetonka, MN
Visit us: https://t.co/tlzJ4GmFNJ
#crmjobs #minnesotajobs    
#hireitpeoplejobs #itjobs #h1btransfer #h1bjobs #e3visasponsor #tnvisajobs #e3visajobs https://t.co/lkhYMAX56G",HireITpeople.Com,hireitpeople,2021-03-22T18:44:15.000Z,Mon Mar 22 18:44:15 +0000 2021,0,0,en,"<a href=""https://mobile.twitter.com"" rel=""nofollow"">Twitter Web App</a>",Tweet,http://Force.com https://hireitpeople.com ,9,0,photo,https://pbs.twimg.com/media/ExGssKgVkAABsog.jpg
1374068390592081923,"WE ARE HIRING
Job ID: 30270
Position: IT - Technical Test Lead | Testing processes | Mobile Test Automation process
Location: San Francisco, CA
Visit us: https://t.co/tlzJ4GmFNJ
#californiajobs #sanfranciscojobs  
#hireitpeoplejobs #itjobs #h1btransfer #h1bjobs #e3visasponsor https://t.co/G28nmM9r1u",HireITpeople.Com,hireitpeople,2021-03-22T18:40:07.000Z,Mon Mar 22 18:40:07 +0000 2021,0,0,en,"<a href=""https://mobile.twitter.com"" rel=""nofollow"">Twitter Web App</a>",Tweet,https://hireitpeople.com ,7,0,photo,https://pbs.twimg.com/media/ExGr4nXVkAQQWf2.jpg
1374067781096775684,"WE ARE HIRING
Job ID: 30269
Position: AS400 Cobol programmer
Location: Phoenix, AZ
Visit us: https://t.co/tlzJ4GmFNJ
#phoenixjobs #arizonajobs #programmerjobs  
#hireitpeoplejobs #itjobs #h1btransfer #h1bjobs #e3visasponsor #tnvisajobs #e3visajobs #h1bvisajobs https://t.co/jvYBiAAOVv",HireITpeople.Com,hireitpeople,2021-03-22T18:37:42.000Z,Mon Mar 22 18:37:42 +0000 2021,0,1,en,"<a href=""https://mobile.twitter.com"" rel=""nofollow"">Twitter Web App</a>",Tweet,https://hireitpeople.com ,11,0,photo,https://pbs.twimg.com/media/ExGrV6qUYAARjNO.jpg
1374065728098201603,"WE ARE HIRING
Job ID: 30267
Position: IT - Technology Lead | Supply Chain Management | Warehouse Management System
Location: Parsippany, NJ
Visit us: https://t.co/tlzJ4GmFNJ
#parsippanyjobs #newjerseyjobs #supplychainmanagementjobs 
#hireitpeoplejobs #itjobs #h1btransfer #h1bjobs https://t.co/bfum0AlBo4",HireITpeople.Com,hireitpeople,2021-03-22T18:29:33.000Z,Mon Mar 22 18:29:33 +0000 2021,0,0,en,"<a href=""https://mobile.twitter.com"" rel=""nofollow"">Twitter Web App</a>",Tweet,https://hireitpeople.com ,7,0,photo,https://pbs.twimg.com/media/ExGpdeBVEAA-ZlV.jpg
1373043788440997889,"WE ARE HIRING
Job ID: 30247
Position: IT - Senior Technology Architect | BPMI - Others | Pega
Location: Sunnyvale, CA
Visit us: https://t.co/tlzJ4GmFNJ
#sunnyvalejobs #californiajobs #bmpijobs  
#hireitpeoplejobs #itjobs #h1btransfer #h1bjobs #e3visasponsor #tnvisajobs #e3visajob https://t.co/C4Wxt4D65x",HireITpeople.Com,hireitpeople,2021-03-19T22:48:43.000Z,Fri Mar 19 22:48:43 +0000 2021,0,0,en,"<a href=""https://mobile.twitter.com"" rel=""nofollow"">Twitter Web App</a>",Tweet,https://hireitpeople.com ,10,0,photo,https://pbs.twimg.com/media/Ew4IBzhVgAQxtCT.jpg
1373043110209486849,"WE ARE HIRING
Job ID: 30246
Position: IT - Technology Lead | Business Intelligence - Reporting | Cognos
Location: Washington, DC
Visit us: https://t.co/tlzJ4GmFNJ
#washingtonjobs #ittechnologyleadjobs
#hireitpeoplejobs #itjobs #h1btransfer #h1bjobs #e3visasponsor #tnvisajobs https://t.co/8jEPxNKTCC",HireITpeople.Com,hireitpeople,2021-03-19T22:46:02.000Z,Fri Mar 19 22:46:02 +0000 2021,0,0,en,"<a href=""https://mobile.twitter.com"" rel=""nofollow"">Twitter Web App</a>",Tweet,https://hireitpeople.com ,8,0,photo,https://pbs.twimg.com/media/Ew4HZ9_UcAMMeXk.jpg
1372649835577286658,"WE ARE HIRING
Job ID: 30244
Position: IT - Senior Technology Architect | Identity Management | Identity Management - ALL
Location: Denver, CO
Visit us: https://t.co/tlzJ4GmFNJ
#denverjobs #coloradojobs 
#hireitpeoplejobs #itjobs #h1btransfer #h1bjobs #e3visasponsor #tnvisajobs https://t.co/ZM9zPJ4o4X",HireITpeople.Com,hireitpeople,2021-03-18T20:43:18.000Z,Thu Mar 18 20:43:18 +0000 2021,0,0,en,"<a href=""https://mobile.twitter.com"" rel=""nofollow"">Twitter Web App</a>",Tweet,https://hireitpeople.com ,8,0,photo,https://pbs.twimg.com/media/Ewyhtr1U8AAGRV1.png
1372649359125348353,"WE ARE HIRING
Job ID: 30243
Position: IT - Consultant | HCM Others | HCM Others
Location: Seattle, WA
Visit us: https://t.co/tlzJ4GmFNJ
 #seattlejobs #washingtonjobs #consultantjobs 
#hireitpeoplejobs #itjobs #h1btransfer #h1bjobs #e3visasponsor #tnvisajobs #e3visajobs https://t.co/3HTz2pR4qk",HireITpeople.Com,hireitpeople,2021-03-18T20:41:24.000Z,Thu Mar 18 20:41:24 +0000 2021,0,0,en,"<a href=""https://mobile.twitter.com"" rel=""nofollow"">Twitter Web App</a>",Tweet,https://hireitpeople.com ,10,0,photo,https://pbs.twimg.com/media/EwyhTBmVkAEDKUa.png
1372648959743651844,"WE ARE HIRING
Job ID: 30242
Position: IT - Technology Lead | PeopleSoft | PeopleSoft NA Payroll
Location: Richardson, TX
Visit us: https://t.co/tlzJ4GmFNJ
#richardsonjobs #texasjobs #peoplesoftjobs 
#hireitpeoplejobs #itjobs #h1btransfer #h1bjobs #e3visasponsor #tnvisajobs https://t.co/LS57zqtkZB",HireITpeople.Com,hireitpeople,2021-03-18T20:39:49.000Z,Thu Mar 18 20:39:49 +0000 2021,0,0,en,"<a href=""https://mobile.twitter.com"" rel=""nofollow"">Twitter Web App</a>",Tweet,https://hireitpeople.com ,9,0,photo,https://pbs.twimg.com/media/Ewyg7nxUcAEFMmT.png
1372648311195246592,"WE ARE HIRING
Job ID: 30241
Position: MDOT - Programmer
Location: Lansing, MI
Visit us: https://t.co/tlzJ4GmFNJ
#lansingjobs  
#hireitpeoplejobs #itjobs #h1btransfer #h1bjobs #e3visasponsor #tnvisajobs #e3visajobs #h1bvisajobs https://t.co/dzIZEdbe6F",HireITpeople.Com,hireitpeople,2021-03-18T20:37:14.000Z,Thu Mar 18 20:37:14 +0000 2021,0,0,en,"<a href=""https://mobile.twitter.com"" rel=""nofollow"">Twitter Web App</a>",Tweet,https://hireitpeople.com ,9,0,photo,https://pbs.twimg.com/media/EwygWfsVgAUkZuW.png
1372648148120653827,"WE ARE HIRING
Job ID: 30240
Position: IT - Technology Architect | CRM | SFDC https://t.co/0faj2sg0N6
Location: Livingston, NJ
Visit us: https://t.co/SlulCtjVTn
#livingstonjobs #newjerseyjobs 
#hireitpeoplejobs #itjobs #h1btransfer #h1bjobs #e3visasponsor #tnvisajobs #e3visajobs https://t.co/t13P9gmNcc",HireITpeople.Com,hireitpeople,2021-03-18T20:36:35.000Z,Thu Mar 18 20:36:35 +0000 2021,0,0,en,"<a href=""https://mobile.twitter.com"" rel=""nofollow"">Twitter Web App</a>",Tweet,http://Force.com https://hireitpeople.co ,9,0,photo,https://pbs.twimg.com/media/EwygMKEVoAERI_U.png
1372647500436234240,"WE ARE HIRING
Job ID: 30239
Position: IT - Technology Lead | Machine Learning | Amazon ML
Location: Hartford, CT
Visit us: https://t.co/tlzJ4GmFNJ
#hartfordjobs #amazonjobs  
#hireitpeoplejobs #itjobs #h1btransfer #h1bjobs #e3visasponsor #tnvisajobs #e3visajobs #h1bvisajobs https://t.co/ArBR4LD8QX",HireITpeople.Com,hireitpeople,2021-03-18T20:34:01.000Z,Thu Mar 18 20:34:01 +0000 2021,0,0,en,"<a href=""https://mobile.twitter.com"" rel=""nofollow"">Twitter Web App</a>",Tweet,https://hireitpeople.com ,10,0,photo,https://pbs.twimg.com/media/EwyfnANUUAIve1s.png
1372647113104924676,"WE ARE HIRING
Job ID: 30238
Position: App Developer
Location: Chandler, AZ
Visit us: https://t.co/tlzJ4GmFNJ
 #chandlerjobs #arizonajobs
#hireitpeoplejobs #itjobs #h1btransfer #h1bjobs #e3visasponsor #tnvisajobs #e3visajobs #h1bvisajobs https://t.co/ejCkGTw8Ld",HireITpeople.Com,hireitpeople,2021-03-18T20:32:28.000Z,Thu Mar 18 20:32:28 +0000 2021,0,0,en,"<a href=""https://mobile.twitter.com"" rel=""nofollow"">Twitter Web App</a>",Tweet,https://hireitpeople.com ,10,0,photo,https://pbs.twimg.com/media/EwyfQZGUcAQpLES.png
1372646932099698691,"WE ARE HIRING
Job ID: 30237
Position: Oracle E-Business App Developer 
Location: Chandler, AZ
Visit us: https://t.co/tlzJ4GmFNJ
#chandlerjobs #arizonajobs #oraclejobs 
#hireitpeoplejobs #itjobs #h1btransfer #h1bjobs #e3visasponsor #tnvisajobs #e3visajobs #h1bvisajobs https://t.co/ood9NzJYm4",HireITpeople.Com,hireitpeople,2021-03-18T20:31:45.000Z,Thu Mar 18 20:31:45 +0000 2021,0,0,en,"<a href=""https://mobile.twitter.com"" rel=""nofollow"">Twitter Web App</a>",Tweet,https://hireitpeople.com ,11,0,photo,https://pbs.twimg.com/media/EwyfGL8UUAEeAFP.png
1372642995846082560,"WE ARE HIRING
Job ID: 30236
Position: Data Warehousing Specialist  
Location: Chandler, AZ
Visit us: https://t.co/tlzJ4GmFNJ
#chandlerjobs #arizonajobs 
#hireitpeoplejobs #itjobs #h1btransfer #h1bjobs #e3visasponsor #tnvisajobs #e3visajobs #h1bvisajobs https://t.co/Pqw7QRXsO3",HireITpeople.Com,hireitpeople,2021-03-18T20:16:07.000Z,Thu Mar 18 20:16:07 +0000 2021,0,0,en,"<a href=""https://mobile.twitter.com"" rel=""nofollow"">Twitter Web App</a>",Tweet,https://hireitpeople.com ,10,0,photo,https://pbs.twimg.com/media/Ewybg-2UUAAF0Zt.png
1372642763129319434,"WE ARE HIRING
Job ID: 30235
Position: IT - Consultant | Open System | PERL  
Location: Austin, TX
Visit us: https://t.co/tlzJ4GmFNJ
#austinjobs #texasjobs 
#hireitpeoplejobs #itjobs #h1btransfer #h1bjobs #e3visasponsor #tnvisajobs #e3visajobs #h1bvisajobs https://t.co/cNII96rexm",HireITpeople.Com,hireitpeople,2021-03-18T20:15:11.000Z,Thu Mar 18 20:15:11 +0000 2021,0,0,en,"<a href=""https://mobile.twitter.com"" rel=""nofollow"">Twitter Web App</a>",Tweet,https://hireitpeople.com ,10,0,photo,https://pbs.twimg.com/media/EwybTbuUYAQWWU_.png
1372642300417904641,"WE ARE HIRING
Job ID: 30234
Position: IT - Program Manager | Service Management | ITIL 
Location: Atlanta, GA
Visit us: https://t.co/tlzJ4GmFNJ
#atlantajobs #georgiajobs #servicemanagementjobs  
#hireitpeoplejobs #itjobs #h1btransfer #h1bjobs #e3visasponsor #tnvisajobs #e3visajob https://t.co/Rh73QoD5RW",HireITpeople.Com,hireitpeople,2021-03-18T20:13:21.000Z,Thu Mar 18 20:13:21 +0000 2021,0,0,en,"<a href=""https://mobile.twitter.com"" rel=""nofollow"">Twitter Web App</a>",Tweet,https://hireitpeople.com ,10,0,photo,https://pbs.twimg.com/media/Ewya28EVoAEZCOv.png
1372641593669296128,"WE ARE HIRING
Job ID: 30233
Position: IT - Program Manager | Service Management | ITIL 
Location: Atlanta, GA
Visit us: https://t.co/tlzJ4GmFNJ
#atlantajobs #georgiajobs #programmanagerjobs  
#hireitpeoplejobs #itjobs #h1btransfer #h1bjobs #e3visasponsor #tnvisajobs #e3visajobs https://t.co/xim5xmaGZr",HireITpeople.Com,hireitpeople,2021-03-18T20:10:33.000Z,Thu Mar 18 20:10:33 +0000 2021,0,0,en,"<a href=""https://mobile.twitter.com"" rel=""nofollow"">Twitter Web App</a>",Tweet,https://hireitpeople.com ,10,0,photo,https://pbs.twimg.com/media/EwyaO6DVEAAtU5w.png
1372641150247477250,"WE ARE HIRING
Job ID: 30232
Position: IT - Technology Lead | Big Data - Data Processing | Spark  
Location: Phoenix, AZ
Visit us: https://t.co/tlzJ4GmFNJ
 #phoenixjobs #arizonajobs
#hireitpeoplejobs #itjobs #h1btransfer #h1bjobs #e3visasponsor #tnvisajobs #e3visajobs #h1bvisajobs https://t.co/p2x6JyfB64",HireITpeople.Com,hireitpeople,2021-03-18T20:08:47.000Z,Thu Mar 18 20:08:47 +0000 2021,0,0,en,"<a href=""https://mobile.twitter.com"" rel=""nofollow"">Twitter Web App</a>",Tweet,https://hireitpeople.com ,10,0,photo,https://pbs.twimg.com/media/EwyZ1gtU8AEX-b6.png
1372640683958300675,"WE ARE HIRING
Job ID: 30231
Position: IT - Technology Lead | Big Data - Data Processing | Spark  
Location: Phoenix, AZ
Visit us: https://t.co/tlzJ4GmFNJ
 #phoenixjobs #arizonajobs
#hireitpeoplejobs #itjobs #h1btransfer #h1bjobs #e3visasponsor #tnvisajobs #e3visajobs #h1bvisajobs https://t.co/ZMd6GCs0x8",HireITpeople.Com,hireitpeople,2021-03-18T20:06:56.000Z,Thu Mar 18 20:06:56 +0000 2021,0,0,en,"<a href=""https://mobile.twitter.com"" rel=""nofollow"">Twitter Web App</a>",Tweet,https://hireitpeople.com ,10,0,photo,https://pbs.twimg.com/media/EwyZab-UYAEXD5I.png
1372639533351673856,"WE ARE HIRING
Job ID: 30230
Position: IT - Technology Lead | Big Data - Data Processing | Spark  
Location: Phoenix, AZ
Visit us: https://t.co/tlzJ4GmFNJ
 #phoenixjobs #arizonajobs
#hireitpeoplejobs #itjobs #h1btransfer #h1bjobs #e3visasponsor #tnvisajobs #e3visajobs #h1bvisajobs https://t.co/nI3sE4F5nV",HireITpeople.Com,hireitpeople,2021-03-18T20:02:21.000Z,Thu Mar 18 20:02:21 +0000 2021,0,0,en,"<a href=""https://mobile.twitter.com"" rel=""nofollow"">Twitter Web App</a>",Tweet,https://hireitpeople.com ,10,0,photo,https://pbs.twimg.com/media/EwyYWnSUYAMfEgl.png
1372637264421867524,"WE ARE HIRING
Job ID: 30229
Position: IT - Technology Analyst | Open System | C and C++
Location: Phoenix, AZ
Visit us: https://t.co/tlzJ4GmFNJ
 #phoenixjobs #arizonajobs
#hireitpeoplejobs #itjobs #h1btransfer #h1bjobs #e3visasponsor #tnvisajobs #e3visajobs #h1bvisajobs https://t.co/QGPJrckqEV",HireITpeople.Com,hireitpeople,2021-03-18T19:53:20.000Z,Thu Mar 18 19:53:20 +0000 2021,0,0,en,"<a href=""https://mobile.twitter.com"" rel=""nofollow"">Twitter Web App</a>",Tweet,https://hireitpeople.com ,10,0,photo,https://pbs.twimg.com/media/EwyWTZjVoAAi8wu.png
1372636384435916803,"WE ARE HIRING
Job ID: 30228
Position: IT - Technology Lead | Programing language C | go lang 
Location: Phoenix, AZ
Visit us: https://t.co/tlzJ4GmFNJ
#phoenixjobs #arizonajobs 
#hireitpeoplejobs #itjobs #h1btransfer #h1bjobs #e3visasponsor #tnvisajobs #e3visajobs #h1bvisajobs https://t.co/vmqGZRcJjG",HireITpeople.Com,hireitpeople,2021-03-18T19:49:51.000Z,Thu Mar 18 19:49:51 +0000 2021,0,0,en,"<a href=""https://mobile.twitter.com"" rel=""nofollow"">Twitter Web App</a>",Tweet,https://hireitpeople.com ,10,0,photo,https://pbs.twimg.com/media/EwyVgSBVEAAJTR8.png
1372636093938495488,"WE ARE HIRING
Job ID: 30227
Position: IT - Technology Lead | BPMI - IBM | BPMI - IBM - ALL 
Location: Phoenix, AZ
Visit us: https://t.co/tlzJ4GmFNJ
#phoenixjobs #arizonajobs  
#hireitpeoplejobs #itjobs #h1btransfer #h1bjobs #e3visasponsor #tnvisajobs #e3visajobs #h1bvisajobs https://t.co/wSP1gHoY2n",HireITpeople.Com,hireitpeople,2021-03-18T19:48:41.000Z,Thu Mar 18 19:48:41 +0000 2021,0,0,en,"<a href=""https://mobile.twitter.com"" rel=""nofollow"">Twitter Web App</a>",Tweet,https://hireitpeople.com ,10,0,photo,https://pbs.twimg.com/media/EwyVPHCVEAgUDzN.png
1372635218973106177,"WE ARE HIRING
Job ID: 30226
Position: IT - Technology Lead | BPMI - IBM | BPMI - IBM - ALL 
Location: Phoenix, AZ
Visit us: https://t.co/tlzJ4GmFNJ
#phoenixjobs #arizonajobs #technologyleadjobs  
#hireitpeoplejobs #itjobs #h1btransfer #h1bjobs #e3visasponsor #tnvisajobs https://t.co/wLJ8p9Im9u",HireITpeople.Com,hireitpeople,2021-03-18T19:45:13.000Z,Thu Mar 18 19:45:13 +0000 2021,0,0,en,"<a href=""https://mobile.twitter.com"" rel=""nofollow"">Twitter Web App</a>",Tweet,https://hireitpeople.com ,9,0,photo,https://pbs.twimg.com/media/EwyUa34VEAEG-ny.png
1372635084726042625,"WE ARE HIRING
Job ID: 30225
Position: IT - Technology Lead | BPMI - IBM | BPMI - IBM - ALL 
Location: Phoenix, AZ
Visit us: https://t.co/tlzJ4GmFNJ
#phoenixjobs #arizonajobs #bpmijobs  
#hireitpeoplejobs #itjobs #h1btransfer #h1bjobs #e3visasponsor #tnvisajobs #e3visajobs https://t.co/nx6JTfKydj",HireITpeople.Com,hireitpeople,2021-03-18T19:44:41.000Z,Thu Mar 18 19:44:41 +0000 2021,0,0,en,"<a href=""https://mobile.twitter.com"" rel=""nofollow"">Twitter Web App</a>",Tweet,https://hireitpeople.com ,10,0,photo,https://pbs.twimg.com/media/EwyUUIfUYAIAH8Y.png
1372633313689571329,"WE ARE HIRING
Job ID: 30224
Position: IT - Technology Lead | BPMI - IBM | BPMI - IBM - ALL
Location: Phoenix, AZ
Visit us: https://t.co/tlzJ4GmFNJ
#phoenixjobs #arizonajobs #ibmjobs  
#hireitpeoplejobs #itjobs #h1btransfer #h1bjobs #e3visasponsor #tnvisajobs #e3visajobs https://t.co/FJuSe1ohk2",HireITpeople.Com,hireitpeople,2021-03-18T19:37:38.000Z,Thu Mar 18 19:37:38 +0000 2021,0,0,en,"<a href=""https://mobile.twitter.com"" rel=""nofollow"">Twitter Web App</a>",Tweet,https://hireitpeople.com ,10,0,photo,https://pbs.twimg.com/media/EwySs4uVkAAmtvs.png
1372632783625973762,"WE ARE HIRING
Job ID: 30223
Position: IT - Technology Lead | Java | Java - ALL
Location: Phoenix, AZ
Visit us: https://t.co/tlzJ4GmFNJ
#phoenixjobs  #arizonajobs #javajobs 
#hireitpeoplejobs #itjobs #h1btransfer #h1bjobs #e3visasponsor #tnvisajobs #e3visajobs #h1bvisajobs https://t.co/vAXSE2xpW8",HireITpeople.Com,hireitpeople,2021-03-18T19:35:32.000Z,Thu Mar 18 19:35:32 +0000 2021,0,0,en,"<a href=""https://mobile.twitter.com"" rel=""nofollow"">Twitter Web App</a>",Tweet,https://hireitpeople.com ,11,0,photo,https://pbs.twimg.com/media/EwySOdLUYAA5GKo.png
1372631949219524610,"WE ARE HIRING
Job ID: 30222
Position: IT - Lead Consultant | Oracle Industry Solutions | UGBU (Utilities Global Business Unit)
Location: Texas City, TX
Visit us: https://t.co/tlzJ4GmFNJ
#texasjobs #itleadconsultantjobs #oraclejobs 
#hireitpeoplejobs #itjobs #h1btransfer #h1bjobs https://t.co/UDToSPmK1n",HireITpeople.Com,hireitpeople,2021-03-18T19:32:13.000Z,Thu Mar 18 19:32:13 +0000 2021,0,0,en,"<a href=""https://mobile.twitter.com"" rel=""nofollow"">Twitter Web App</a>",Tweet,https://hireitpeople.com ,7,0,photo,https://pbs.twimg.com/media/EwyRdmyUUAIGYQj.png
1372631536197988353,"WE ARE HIRING
Job ID: 30221
Position: IT - Technology Lead | Embedded systems | Embedded Software
Location: Columbus, IN
Visit us: https://t.co/tlzJ4GmFNJ
#columbusjobs #indianajobs #embeddedsystemsjobs  
#hireitpeoplejobs #itjobs #h1btransfer #h1bjobs #e3visasponsor #tnvisajobs https://t.co/yG83m9px3X",HireITpeople.Com,hireitpeople,2021-03-18T19:30:35.000Z,Thu Mar 18 19:30:35 +0000 2021,0,0,en,"<a href=""https://mobile.twitter.com"" rel=""nofollow"">Twitter Web App</a>",Tweet,https://hireitpeople.com ,9,0,photo,https://pbs.twimg.com/media/EwyRFceU8AAHnAd.png
1372630672238551041,"WE ARE HIRING
Job ID: 30220
Position: IT - Consultant | Utilities | Metering &amp; Invoicing
Location: New York, NY
Visit us: https://t.co/tlzJ4GmFNJ
#newyorkjobs  
#hireitpeoplejobs #itjobs #h1btransfer #h1bjobs #e3visasponsor #tnvisajobs #e3visajobs #h1bvisajobs https://t.co/FD8QvaEFRj",HireITpeople.Com,hireitpeople,2021-03-18T19:27:09.000Z,Thu Mar 18 19:27:09 +0000 2021,0,0,en,"<a href=""https://mobile.twitter.com"" rel=""nofollow"">Twitter Web App</a>",Tweet,https://hireitpeople.com ,9,0,photo,https://pbs.twimg.com/media/EwyQTSYVkAEmv_g.png
1372305247817756672,"WE ARE HIRING
Job ID: 30217
Position: IT - Senior Technology Architect | Supply Chain Management | IBM Sterling OMS
Location: San Francisco, CA
Visit us: https://t.co/tlzJ4GmFNJ
#sanfranciscojobs #californiajobs 
#hireitpeoplejobs #itjobs #h1btransfer #h1bjobs #e3visasponsor https://t.co/f0GJXxkKO0",HireITpeople.Com,hireitpeople,2021-03-17T21:54:01.000Z,Wed Mar 17 21:54:01 +0000 2021,0,0,en,"<a href=""https://mobile.twitter.com"" rel=""nofollow"">Twitter Web App</a>",Tweet,https://hireitpeople.com ,7,0,photo,https://pbs.twimg.com/media/EwtoU0uUUAA2WHz.jpg
1372304764130578432,"WE ARE HIRING
Job ID: 30216
Position: IT - Technology Lead | infrastructure-database administration | SQL administration
Location: Hartford, CT
Visit us: https://t.co/tlzJ4GmFNJ
#hartfordjobs #sqljobs  
#hireitpeoplejobs #itjobs #h1btransfer #h1bjobs #e3visasponsor #tnvisajobs https://t.co/gBUl2Xxi5s",HireITpeople.Com,hireitpeople,2021-03-17T21:52:06.000Z,Wed Mar 17 21:52:06 +0000 2021,0,0,en,"<a href=""https://mobile.twitter.com"" rel=""nofollow"">Twitter Web App</a>",Tweet,https://hireitpeople.com ,8,0,photo,https://pbs.twimg.com/media/Ewtn4x7VgAQddOy.jpg
1372303601561862144,"WE ARE HIRING
Job ID: 30215
Position: IT - Lead Consultant | SAP Functional | SAP SCM SRM
Location: Houston, TX
Visit us: https://t.co/tlzJ4GmFNJ
#sapjobs #itleadconsultantjobs  
#hireitpeoplejobs #itjobs #h1btransfer #h1bjobs #e3visasponsor #tnvisajobs #e3visajobs #h1bvisajobs https://t.co/ElB4itmb39",HireITpeople.Com,hireitpeople,2021-03-17T21:47:29.000Z,Wed Mar 17 21:47:29 +0000 2021,0,0,en,"<a href=""https://mobile.twitter.com"" rel=""nofollow"">Twitter Web App</a>",Tweet,https://hireitpeople.com ,10,0,photo,https://pbs.twimg.com/media/Ewtm1WOUcAEU84L.jpg
1372302975914319877,"WE ARE HIRING
Job ID: 30214
Position: IT - Technology Lead | Project and portfolio management | Oracle PPM
Location: Austin, TX
Visit us: https://t.co/tlzJ4GmFNJ
#austinjobs #texasjobs #projectmanagementjobs  
#hireitpeoplejobs #itjobs #h1btransfer #h1bjobs #e3visasponsor https://t.co/pusSqQ2H9F",HireITpeople.Com,hireitpeople,2021-03-17T21:45:00.000Z,Wed Mar 17 21:45:00 +0000 2021,0,0,en,"<a href=""https://mobile.twitter.com"" rel=""nofollow"">Twitter Web App</a>",Tweet,https://hireitpeople.com ,8,0,photo,https://pbs.twimg.com/media/EwtmQqkVcAQ6Gtu.jpg
1372301852625178628,"WE ARE HIRING
Job ID: 30213
Position: IT - Technical Test Lead | Functional Testing | Functional Testing - ALL
Location: Omaha, NE
Visit us: https://t.co/tlzJ4GmFNJ
#omahajobs #nebraskajobs  
#hireitpeoplejobs #itjobs #h1btransfer #h1bjobs #e3visasponsor #tnvisajobs #e3visajobs https://t.co/SsAp4z2KM9",HireITpeople.Com,hireitpeople,2021-03-17T21:40:32.000Z,Wed Mar 17 21:40:32 +0000 2021,0,0,en,"<a href=""https://mobile.twitter.com"" rel=""nofollow"">Twitter Web App</a>",Tweet,https://hireitpeople.com ,9,0,photo,https://pbs.twimg.com/media/EwtlPSyUYAElDcE.jpg
1372301403524198407,"WE ARE HIRING
Job ID: 30212
Position: IT - Consultant | SAP Functional | SAP HCM-Payroll, Compensation, Time Mgmt
Location: Plano, TX
Visit us: https://t.co/tlzJ4GmFNJ
#planojobs #texasjobs #sapjobs  
#hireitpeoplejobs #itjobs #h1btransfer #h1bjobs #e3visasponsor #tnvisajobs https://t.co/bBzgjzYJqR",HireITpeople.Com,hireitpeople,2021-03-17T21:38:45.000Z,Wed Mar 17 21:38:45 +0000 2021,0,0,en,"<a href=""https://mobile.twitter.com"" rel=""nofollow"">Twitter Web App</a>",Tweet,https://hireitpeople.com ,9,0,photo,https://pbs.twimg.com/media/Ewtk1TRVkAAQWug.jpg
1372300925583302658,"WE ARE HIRING
Job ID: 30211
Position: IT - Consultant | SAP Functional | SAP HCM 
Location: Plano, TX
Visit us: https://t.co/tlzJ4GmFNJ
#planojobs #texasjobs #sapjobs 
#hireitpeoplejobs #itjobs #h1btransfer #h1bjobs #e3visasponsor #tnvisajobs #e3visajobs #h1bvisajobs https://t.co/uaKH8FczfJ",HireITpeople.Com,hireitpeople,2021-03-17T21:36:51.000Z,Wed Mar 17 21:36:51 +0000 2021,0,0,en,"<a href=""https://mobile.twitter.com"" rel=""nofollow"">Twitter Web App</a>",Tweet,https://hireitpeople.com ,11,0,photo,https://pbs.twimg.com/media/EwtkZm0UYAM2viv.jpg
1372299527558815744,"WE ARE HIRING
Job ID: 30210
Position: IT - Technology Lead | DevOps | Continuous integration - Java  
Location: Mountain View, CA
Visit us: https://t.co/tlzJ4GmFNJ
#ittechnologyleadjobs #devopsjobs #javajobs  
#hireitpeoplejobs #itjobs #h1btransfer #h1bjobs #e3visasponsor https://t.co/c7VICThK90",HireITpeople.Com,hireitpeople,2021-03-17T21:31:18.000Z,Wed Mar 17 21:31:18 +0000 2021,0,0,en,"<a href=""https://mobile.twitter.com"" rel=""nofollow"">Twitter Web App</a>",Tweet,https://hireitpeople.com ,8,0,photo,https://pbs.twimg.com/media/EwtjGbbUUAE82xQ.jpg
1372298873859809283,"WE ARE HIRING
Job ID: 30209
Position: IT - Consultant | SAP Technical | BPC/4HANA  
Location: Milwaukee, WI
Visit us: https://t.co/tlzJ4GmFNJ
#milwaukeejobs #sapjobs 
#hireitpeoplejobs #itjobs #h1btransfer #h1bjobs #e3visasponsor #tnvisajobs #e3visajobs #h1bvisajobs https://t.co/6VyU9aJq1e",HireITpeople.Com,hireitpeople,2021-03-17T21:28:42.000Z,Wed Mar 17 21:28:42 +0000 2021,0,0,en,"<a href=""https://mobile.twitter.com"" rel=""nofollow"">Twitter Web App</a>",Tweet,https://hireitpeople.com ,10,0,photo,https://pbs.twimg.com/media/EwtiiWmVIAQiI6L.jpg
1372298152565374978,"WE ARE HIRING
Job ID: 30208
Position: IT - Technology Architect | Cloud Platform | Google Cloud - Architecture 
Location: Richardson, TX
Visit us: https://t.co/tlzJ4GmFNJ
#ittechnologyarchitectjobs #cloudplatformjobs 
#hireitpeoplejobs #itjobs #h1btransfer #h1bjobs #e3visasponsor https://t.co/ULUQdGoHtx",HireITpeople.Com,hireitpeople,2021-03-17T21:25:50.000Z,Wed Mar 17 21:25:50 +0000 2021,0,0,en,"<a href=""https://mobile.twitter.com"" rel=""nofollow"">Twitter Web App</a>",Tweet,https://hireitpeople.com ,7,0,photo,https://pbs.twimg.com/media/Ewth3zIU8AEgkpO.jpg
1372296992966111233,"WE ARE HIRING
Job ID: 30207
Position: IT - Technology Architect | Cloud Platform | Google Cloud - Architecture 
Location: Richardson, TX
Visit us: https://t.co/tlzJ4GmFNJ
#richardsonjobs #texasjobs    
#hireitpeoplejobs #itjobs #h1btransfer #h1bjobs #e3visasponsor #tnvisajobs https://t.co/6MKv3FIxsu",HireITpeople.Com,hireitpeople,2021-03-17T21:21:13.000Z,Wed Mar 17 21:21:13 +0000 2021,0,0,en,"<a href=""https://mobile.twitter.com"" rel=""nofollow"">Twitter Web App</a>",Tweet,https://hireitpeople.com ,8,0,photo,https://pbs.twimg.com/media/EwtgzmYVkAE78ST.jpg
1372296046517219329,"WE ARE HIRING
Job ID: 30205
Position: IT - Technology Lead | BPMI - Others | Pega
Location: Tampa, FL
Visit us: https://t.co/tlzJ4GmFNJ
#tampajobs #floridajobs 
#hireitpeoplejobs #itjobs #h1btransfer #h1bjobs #e3visasponsor #tnvisajobs #e3visajobs #h1bvisajobs https://t.co/SMFbxZGeZX",HireITpeople.Com,hireitpeople,2021-03-17T21:17:28.000Z,Wed Mar 17 21:17:28 +0000 2021,0,0,en,"<a href=""https://mobile.twitter.com"" rel=""nofollow"">Twitter Web App</a>",Tweet,https://hireitpeople.com ,10,0,photo,https://pbs.twimg.com/media/Ewtf9mTVoAEvWoN.jpg
1372295602957000706,"WE ARE HIRING
Job ID: 30204
Position: IT - Technology Lead | Cloud Integration | Azure Data Factory (ADF) 
Location: Fort Worth, TX
Visit us: https://t.co/tlzJ4GmFNJ
#texasjobs #texasjobs #azurejobs  
#hireitpeoplejobs #itjobs #h1btransfer #h1bjobs #e3visasponsor #tnvisajobs https://t.co/2MnDIFEe5G",HireITpeople.Com,hireitpeople,2021-03-17T21:15:42.000Z,Wed Mar 17 21:15:42 +0000 2021,0,0,en,"<a href=""https://mobile.twitter.com"" rel=""nofollow"">Twitter Web App</a>",Tweet,https://hireitpeople.com ,9,0,photo,https://pbs.twimg.com/media/EwtfjuuUUAI_B-O.jpg
1372294398235398146,"WE ARE HIRING
Job ID: 30202
Position: IT - Technology Lead | Network | Data networking network management
Location: Indianapolis, IN
Visit us: https://t.co/tlzJ4GmFNJ
#networkjobs #ittechnologyleadjobs  
#hireitpeoplejobs #itjobs #h1btransfer #h1bjobs #e3visasponsor #tnvisajobs https://t.co/YUoQlYwYX4",HireITpeople.Com,hireitpeople,2021-03-17T21:10:55.000Z,Wed Mar 17 21:10:55 +0000 2021,0,0,en,"<a href=""https://mobile.twitter.com"" rel=""nofollow"">Twitter Web App</a>",Tweet,https://hireitpeople.com ,8,0,photo,https://pbs.twimg.com/media/EwtedlAU8AEntEN.jpg
1372293784394821633,"WE ARE HIRING
Job ID: 30201
Position: IT - Technology Architect | BPMI - IBM | IBM Integration Bus (IIB)
Location: Hartford, CT
Visit us: https://t.co/tlzJ4GmFNJ
#hartfordjobs #technologyarchitectjobs  
#hireitpeoplejobs #itjobs #h1btransfer #h1bjobs #e3visasponsor #tnvisajobs https://t.co/nKlcv3wzTb",HireITpeople.Com,hireitpeople,2021-03-17T21:08:28.000Z,Wed Mar 17 21:08:28 +0000 2021,0,0,en,"<a href=""https://mobile.twitter.com"" rel=""nofollow"">Twitter Web App</a>",Tweet,https://hireitpeople.com ,8,0,photo,https://pbs.twimg.com/media/Ewtd5rrVcAEu4GC.jpg
1372293331355504641,"WE ARE HIRING
Job ID: 30200
Position: IT - Technology Lead | BPMI - IBM | IBM Integration Bus (IIB)
Location: Hartford, CT
Visit us: https://t.co/tlzJ4GmFNJ
#hartfordjobs #technologyleadjobs  
#hireitpeoplejobs #itjobs #h1btransfer #h1bjobs #e3visasponsor #tnvisajobs #e3visajobs https://t.co/93ox9JGhEt",HireITpeople.Com,hireitpeople,2021-03-17T21:06:40.000Z,Wed Mar 17 21:06:40 +0000 2021,0,0,en,"<a href=""https://mobile.twitter.com"" rel=""nofollow"">Twitter Web App</a>",Tweet,https://hireitpeople.com ,9,0,photo,https://pbs.twimg.com/media/Ewtdfg8VgAA3ldX.jpg
1372292868065226752,"WE ARE HIRING
Job ID: 30199
Position: Workday HRIS Analyst
Location: Houston, TX
Visit us: https://t.co/tlzJ4GmFNJ
#houstonjobs #texasjobs #analystjobs  
#hireitpeoplejobs #itjobs #h1btransfer #h1bjobs #e3visasponsor #tnvisajobs #e3visajobs #h1bvisajobs https://t.co/0sHUWv76iZ",HireITpeople.Com,hireitpeople,2021-03-17T21:04:50.000Z,Wed Mar 17 21:04:50 +0000 2021,0,0,en,"<a href=""https://mobile.twitter.com"" rel=""nofollow"">Twitter Web App</a>",Tweet,https://hireitpeople.com ,11,0,photo,https://pbs.twimg.com/media/EwtdEziVIAQ0dXg.jpg
1372292317185417217,"WE ARE HIRING
Job ID: 30198
Position: IT - Technology Architect | CRM | SFDC https://t.co/0faj2sg0N6
Location: Irving, TX
Visit us: https://t.co/tlzJ4GmFNJ
#irvingjobs #texasjobs #architectjobs  
#hireitpeoplejobs #itjobs #h1btransfer #h1bjobs #e3visasponsor #tnvisajobs https://t.co/FzGKeAeeSw",HireITpeople.Com,hireitpeople,2021-03-17T21:02:39.000Z,Wed Mar 17 21:02:39 +0000 2021,0,0,en,"<a href=""https://mobile.twitter.com"" rel=""nofollow"">Twitter Web App</a>",Tweet,http://Force.com https://hireitpeople.com ,9,0,photo,https://pbs.twimg.com/media/EwtckBLUYAMAPDG.jpg
1372291488059596803,"WE ARE HIRING
Job ID: 30197
Position: IT - Project Manager | Project Management | Project Management
Location: Phoenix, AZ
Visit us: https://t.co/tlzJ4GmFNJ
#phoenixjobs #arizonajobs #projectmanagementjobs 
#hireitpeoplejobs #itjobs #h1btransfer #h1bjobs #e3visasponsor #tnvisajob https://t.co/HvOs1FX8dz",HireITpeople.Com,hireitpeople,2021-03-17T20:59:21.000Z,Wed Mar 17 20:59:21 +0000 2021,0,0,en,"<a href=""https://mobile.twitter.com"" rel=""nofollow"">Twitter Web App</a>",Tweet,https://hireitpeople.com ,9,0,photo,https://pbs.twimg.com/media/EwtbzqPUUAE51CM.jpg
